https://bitcoinacademy.international;https://bitcoinacademy.international/assets/img/logo.png;
https://bitcoinacademy.international;https://bitcoinacademy.international/assets/img/waves.png;
https://bitcoinacademy.international;https://bitcoinacademy.international/assets/img/bitmex.png;
https://bitcoinacademy.international;https://bitcoinacademy.international/assets/img/poloniex.png;
https://bitcoinacademy.international;https://bitcoinacademy.international/assets/img/kraken.png;
https://bitcoinacademy.international;https://bitcoinacademy.international/assets/img/bitfinex.png;
https://bitcoinacademy.international;https://bitcoinacademy.international/assets/img/coincodex.png;
https://bitcoinacademy.international;https://bitcoinacademy.international/assets/img/blockchain.png;
https://bitcoinacademy.international;https://bitcoinacademy.international/assets/img/xapo.png;
https://bitcoinacademy.international;https://bitcoinacademy.international/assets/img/coinbase.png;
https://bitcoinacademy.international;https://bitcoinacademy.international/assets/img/block-io.png;
https://bitcoinacademy.international;https://bitcoinacademy.international/assets/img/airbitz.png;
https://bitcoinacademy.international;https://i1.wp.com/whattonews.ru/wp-content/uploads/2019/03/kreyg-rayt-obeschaet-vzlomat-anonimnye-kriptomonety-monero-i-zcash-1.jpg?fit=1107%2C658&ssl=1;
https://bitcoinacademy.international;https://bitcoinacademy.international/26396185-0b35-451e-9aa8-7543228150fe.jpg;
https://bitcoinacademy.international;https://bitcoinacademy.international/552.jpg;
https://bitcoinacademy.international;https://bitcoinacademy.international/Aktualizácia-trhov_-Cena-bitcoinu-sa-po-aktivácii-Segwitu-tlačí-vpred14_37_510.jpg;
https://bitcoinacademy.international;https://bitcoinacademy.international/44.jpg;
https://bitcoinacademy.international;https://bitcoinacademy.international/assets/img/vk.png;
https://bitcoinacademy.international;https://bitcoinacademy.international/assets/img/telegram.png;
https://bitcoinacademy.international/#;https://bitcoinacademy.international/#/assets/img/logo.png;
https://bitcoinacademy.international/#;https://bitcoinacademy.international/#/assets/img/waves.png;
https://bitcoinacademy.international/#;https://bitcoinacademy.international/#/assets/img/bitmex.png;
https://bitcoinacademy.international/#;https://bitcoinacademy.international/#/assets/img/poloniex.png;
https://bitcoinacademy.international/#;https://bitcoinacademy.international/#/assets/img/kraken.png;
https://bitcoinacademy.international/#;https://bitcoinacademy.international/#/assets/img/bitfinex.png;
https://bitcoinacademy.international/#;https://bitcoinacademy.international/#/assets/img/coincodex.png;
https://bitcoinacademy.international/#;https://bitcoinacademy.international/#/assets/img/blockchain.png;
https://bitcoinacademy.international/#;https://bitcoinacademy.international/#/assets/img/xapo.png;
https://bitcoinacademy.international/#;https://bitcoinacademy.international/#/assets/img/coinbase.png;
https://bitcoinacademy.international/#;https://bitcoinacademy.international/#/assets/img/block-io.png;
https://bitcoinacademy.international/#;https://bitcoinacademy.international/#/assets/img/airbitz.png;
https://bitcoinacademy.international/#;https://i1.wp.com/whattonews.ru/wp-content/uploads/2019/03/kreyg-rayt-obeschaet-vzlomat-anonimnye-kriptomonety-monero-i-zcash-1.jpg?fit=1107%2C658&ssl=1;
https://bitcoinacademy.international/#;https://bitcoinacademy.international/#/26396185-0b35-451e-9aa8-7543228150fe.jpg;
https://bitcoinacademy.international/#;https://bitcoinacademy.international/#/552.jpg;
https://bitcoinacademy.international/#;https://bitcoinacademy.international/#/Aktualizácia-trhov_-Cena-bitcoinu-sa-po-aktivácii-Segwitu-tlačí-vpred14_37_510.jpg;
https://bitcoinacademy.international/#;https://bitcoinacademy.international/#/44.jpg;
https://bitcoinacademy.international/#;https://bitcoinacademy.international/#/assets/img/vk.png;
https://bitcoinacademy.international/#;https://bitcoinacademy.international/#/assets/img/telegram.png;
https://bitcoinacademy.international/#about;https://bitcoinacademy.international/#about/assets/img/logo.png;
https://bitcoinacademy.international/#about;https://bitcoinacademy.international/#about/assets/img/waves.png;
https://bitcoinacademy.international/#about;https://bitcoinacademy.international/#about/assets/img/bitmex.png;
https://bitcoinacademy.international/#about;https://bitcoinacademy.international/#about/assets/img/poloniex.png;
https://bitcoinacademy.international/#about;https://bitcoinacademy.international/#about/assets/img/kraken.png;
https://bitcoinacademy.international/#about;https://bitcoinacademy.international/#about/assets/img/bitfinex.png;
https://bitcoinacademy.international/#about;https://bitcoinacademy.international/#about/assets/img/coincodex.png;
https://bitcoinacademy.international/#about;https://bitcoinacademy.international/#about/assets/img/blockchain.png;
https://bitcoinacademy.international/#about;https://bitcoinacademy.international/#about/assets/img/xapo.png;
https://bitcoinacademy.international/#about;https://bitcoinacademy.international/#about/assets/img/coinbase.png;
https://bitcoinacademy.international/#about;https://bitcoinacademy.international/#about/assets/img/block-io.png;
https://bitcoinacademy.international/#about;https://bitcoinacademy.international/#about/assets/img/airbitz.png;
https://bitcoinacademy.international/#about;https://i1.wp.com/whattonews.ru/wp-content/uploads/2019/03/kreyg-rayt-obeschaet-vzlomat-anonimnye-kriptomonety-monero-i-zcash-1.jpg?fit=1107%2C658&ssl=1;
https://bitcoinacademy.international/#about;https://bitcoinacademy.international/#about/26396185-0b35-451e-9aa8-7543228150fe.jpg;
https://bitcoinacademy.international/#about;https://bitcoinacademy.international/#about/552.jpg;
https://bitcoinacademy.international/#about;https://bitcoinacademy.international/#about/Aktualizácia-trhov_-Cena-bitcoinu-sa-po-aktivácii-Segwitu-tlačí-vpred14_37_510.jpg;
https://bitcoinacademy.international/#about;https://bitcoinacademy.international/#about/44.jpg;
https://bitcoinacademy.international/#about;https://bitcoinacademy.international/#about/assets/img/vk.png;
https://bitcoinacademy.international/#about;https://bitcoinacademy.international/#about/assets/img/telegram.png;
https://bitcoinacademy.international/#blog;https://bitcoinacademy.international/#blog/assets/img/logo.png;
https://bitcoinacademy.international/#blog;https://bitcoinacademy.international/#blog/assets/img/waves.png;
https://bitcoinacademy.international/#blog;https://bitcoinacademy.international/#blog/assets/img/bitmex.png;
https://bitcoinacademy.international/#blog;https://bitcoinacademy.international/#blog/assets/img/poloniex.png;
https://bitcoinacademy.international/#blog;https://bitcoinacademy.international/#blog/assets/img/kraken.png;
https://bitcoinacademy.international/#blog;https://bitcoinacademy.international/#blog/assets/img/bitfinex.png;
https://bitcoinacademy.international/#blog;https://bitcoinacademy.international/#blog/assets/img/coincodex.png;
https://bitcoinacademy.international/#blog;https://bitcoinacademy.international/#blog/assets/img/blockchain.png;
https://bitcoinacademy.international/#blog;https://bitcoinacademy.international/#blog/assets/img/xapo.png;
https://bitcoinacademy.international/#blog;https://bitcoinacademy.international/#blog/assets/img/coinbase.png;
https://bitcoinacademy.international/#blog;https://bitcoinacademy.international/#blog/assets/img/block-io.png;
https://bitcoinacademy.international/#blog;https://bitcoinacademy.international/#blog/assets/img/airbitz.png;
https://bitcoinacademy.international/#blog;https://i1.wp.com/whattonews.ru/wp-content/uploads/2019/03/kreyg-rayt-obeschaet-vzlomat-anonimnye-kriptomonety-monero-i-zcash-1.jpg?fit=1107%2C658&ssl=1;
https://bitcoinacademy.international/#blog;https://bitcoinacademy.international/#blog/26396185-0b35-451e-9aa8-7543228150fe.jpg;
https://bitcoinacademy.international/#blog;https://bitcoinacademy.international/#blog/552.jpg;
https://bitcoinacademy.international/#blog;https://bitcoinacademy.international/#blog/Aktualizácia-trhov_-Cena-bitcoinu-sa-po-aktivácii-Segwitu-tlačí-vpred14_37_510.jpg;
https://bitcoinacademy.international/#blog;https://bitcoinacademy.international/#blog/44.jpg;
https://bitcoinacademy.international/#blog;https://bitcoinacademy.international/#blog/assets/img/vk.png;
https://bitcoinacademy.international/#blog;https://bitcoinacademy.international/#blog/assets/img/telegram.png;
https://bitcoinacademy.international/#contact;https://bitcoinacademy.international/#contact/assets/img/logo.png;
https://bitcoinacademy.international/#contact;https://bitcoinacademy.international/#contact/assets/img/waves.png;
https://bitcoinacademy.international/#contact;https://bitcoinacademy.international/#contact/assets/img/bitmex.png;
https://bitcoinacademy.international/#contact;https://bitcoinacademy.international/#contact/assets/img/poloniex.png;
https://bitcoinacademy.international/#contact;https://bitcoinacademy.international/#contact/assets/img/kraken.png;
https://bitcoinacademy.international/#contact;https://bitcoinacademy.international/#contact/assets/img/bitfinex.png;
https://bitcoinacademy.international/#contact;https://bitcoinacademy.international/#contact/assets/img/coincodex.png;
https://bitcoinacademy.international/#contact;https://bitcoinacademy.international/#contact/assets/img/blockchain.png;
https://bitcoinacademy.international/#contact;https://bitcoinacademy.international/#contact/assets/img/xapo.png;
https://bitcoinacademy.international/#contact;https://bitcoinacademy.international/#contact/assets/img/coinbase.png;
https://bitcoinacademy.international/#contact;https://bitcoinacademy.international/#contact/assets/img/block-io.png;
https://bitcoinacademy.international/#contact;https://bitcoinacademy.international/#contact/assets/img/airbitz.png;
https://bitcoinacademy.international/#contact;https://i1.wp.com/whattonews.ru/wp-content/uploads/2019/03/kreyg-rayt-obeschaet-vzlomat-anonimnye-kriptomonety-monero-i-zcash-1.jpg?fit=1107%2C658&ssl=1;
https://bitcoinacademy.international/#contact;https://bitcoinacademy.international/#contact/26396185-0b35-451e-9aa8-7543228150fe.jpg;
https://bitcoinacademy.international/#contact;https://bitcoinacademy.international/#contact/552.jpg;
https://bitcoinacademy.international/#contact;https://bitcoinacademy.international/#contact/Aktualizácia-trhov_-Cena-bitcoinu-sa-po-aktivácii-Segwitu-tlačí-vpred14_37_510.jpg;
https://bitcoinacademy.international/#contact;https://bitcoinacademy.international/#contact/44.jpg;
https://bitcoinacademy.international/#contact;https://bitcoinacademy.international/#contact/assets/img/vk.png;
https://bitcoinacademy.international/#contact;https://bitcoinacademy.international/#contact/assets/img/telegram.png;
https://bitcoinacademy.international/dashboard.php;https://bitcoinacademy.international/dashboard.php/assets/img/logo.png;
https://bitcoinacademy.international/dashboard.php;https://bitcoinacademy.international/dashboard.php/assets/img/waves.png;
https://bitcoinacademy.international/dashboard.php;https://bitcoinacademy.international/dashboard.php/assets/img/bitmex.png;
https://bitcoinacademy.international/dashboard.php;https://bitcoinacademy.international/dashboard.php/assets/img/poloniex.png;
https://bitcoinacademy.international/dashboard.php;https://bitcoinacademy.international/dashboard.php/assets/img/kraken.png;
https://bitcoinacademy.international/dashboard.php;https://bitcoinacademy.international/dashboard.php/assets/img/bitfinex.png;
https://bitcoinacademy.international/dashboard.php;https://bitcoinacademy.international/dashboard.php/assets/img/coincodex.png;
https://bitcoinacademy.international/dashboard.php;https://bitcoinacademy.international/dashboard.php/assets/img/blockchain.png;
https://bitcoinacademy.international/dashboard.php;https://bitcoinacademy.international/dashboard.php/assets/img/xapo.png;
https://bitcoinacademy.international/dashboard.php;https://bitcoinacademy.international/dashboard.php/assets/img/coinbase.png;
https://bitcoinacademy.international/dashboard.php;https://bitcoinacademy.international/dashboard.php/assets/img/block-io.png;
https://bitcoinacademy.international/dashboard.php;https://bitcoinacademy.international/dashboard.php/assets/img/airbitz.png;
https://bitcoinacademy.international/dashboard.php;https://i1.wp.com/whattonews.ru/wp-content/uploads/2019/03/kreyg-rayt-obeschaet-vzlomat-anonimnye-kriptomonety-monero-i-zcash-1.jpg?fit=1107%2C658&ssl=1;
https://bitcoinacademy.international/dashboard.php;https://bitcoinacademy.international/dashboard.php/26396185-0b35-451e-9aa8-7543228150fe.jpg;
https://bitcoinacademy.international/dashboard.php;https://bitcoinacademy.international/dashboard.php/552.jpg;
https://bitcoinacademy.international/dashboard.php;https://bitcoinacademy.international/dashboard.php/Aktualizácia-trhov_-Cena-bitcoinu-sa-po-aktivácii-Segwitu-tlačí-vpred14_37_510.jpg;
https://bitcoinacademy.international/dashboard.php;https://bitcoinacademy.international/dashboard.php/44.jpg;
https://bitcoinacademy.international/dashboard.php;https://bitcoinacademy.international/dashboard.php/assets/img/vk.png;
https://bitcoinacademy.international/dashboard.php;https://bitcoinacademy.international/dashboard.php/assets/img/telegram.png;
https://bitcoinacademy.international/login.php;https://bitcoinacademy.international/login.php/img/logo.png;
https://bitcoinacademy.international/login.php;https://bitcoinacademy.international/login.php/img/vk.png;
https://bitcoinacademy.international/login.php;https://bitcoinacademy.international/login.php/img/telegram.png;
https://bitcoinacademy.international/register.php;https://bitcoinacademy.international/register.php/img/logo.png;
https://bitcoinacademy.international/register.php;https://bitcoinacademy.international/register.php/img/vk.png;
https://bitcoinacademy.international/register.php;https://bitcoinacademy.international/register.php/img/telegram.png;
https://bitcoinacademy.international/index.php;https://bitcoinacademy.international/index.php/assets/img/logo.png;
https://bitcoinacademy.international/index.php;https://bitcoinacademy.international/index.php/assets/img/waves.png;
https://bitcoinacademy.international/index.php;https://bitcoinacademy.international/index.php/assets/img/bitmex.png;
https://bitcoinacademy.international/index.php;https://bitcoinacademy.international/index.php/assets/img/poloniex.png;
https://bitcoinacademy.international/index.php;https://bitcoinacademy.international/index.php/assets/img/kraken.png;
https://bitcoinacademy.international/index.php;https://bitcoinacademy.international/index.php/assets/img/bitfinex.png;
https://bitcoinacademy.international/index.php;https://bitcoinacademy.international/index.php/assets/img/coincodex.png;
https://bitcoinacademy.international/index.php;https://bitcoinacademy.international/index.php/assets/img/blockchain.png;
https://bitcoinacademy.international/index.php;https://bitcoinacademy.international/index.php/assets/img/xapo.png;
https://bitcoinacademy.international/index.php;https://bitcoinacademy.international/index.php/assets/img/coinbase.png;
https://bitcoinacademy.international/index.php;https://bitcoinacademy.international/index.php/assets/img/block-io.png;
https://bitcoinacademy.international/index.php;https://bitcoinacademy.international/index.php/assets/img/airbitz.png;
https://bitcoinacademy.international/index.php;https://i1.wp.com/whattonews.ru/wp-content/uploads/2019/03/kreyg-rayt-obeschaet-vzlomat-anonimnye-kriptomonety-monero-i-zcash-1.jpg?fit=1107%2C658&ssl=1;
https://bitcoinacademy.international/index.php;https://bitcoinacademy.international/index.php/26396185-0b35-451e-9aa8-7543228150fe.jpg;
https://bitcoinacademy.international/index.php;https://bitcoinacademy.international/index.php/552.jpg;
https://bitcoinacademy.international/index.php;https://bitcoinacademy.international/index.php/Aktualizácia-trhov_-Cena-bitcoinu-sa-po-aktivácii-Segwitu-tlačí-vpred14_37_510.jpg;
https://bitcoinacademy.international/index.php;https://bitcoinacademy.international/index.php/44.jpg;
https://bitcoinacademy.international/index.php;https://bitcoinacademy.international/index.php/assets/img/vk.png;
https://bitcoinacademy.international/index.php;https://bitcoinacademy.international/index.php/assets/img/telegram.png;
https://bitcoinacademy.international/clothing.php;https://bitcoinacademy.international/clothing.php/img/new.svg;
"https://bitcoinacademy.international/clothing.php;https://bitcoinacademy.international/clothing.php/img/things/ra,relaxed_fit,x2000,322e3f_696a94a5d4,front-c,170,163,1000,1000-bg,f8f8f8-min.png;"
https://bitcoinacademy.international/clothing.php;https://bitcoinacademy.international/clothing.php/img/things/big-min.png;
https://bitcoinacademy.international/clothing.php;https://bitcoinacademy.international/clothing.php/img/things/mockup-d886c3ef_1200x1200-min.png;
https://bitcoinacademy.international/clothing.php;https://bitcoinacademy.international/clothing.php/img/things/nbUETuX-min.png;
https://bitcoinacademy.international/clothing.php;https://bitcoinacademy.international/clothing.php/img/things/TbfGOKg-min.png;
https://bitcoinacademy.international/clothing.php;https://bitcoinacademy.international/clothing.php/img/things/i06Sqpu-min.png;
https://bitcoinacademy.international/clothing.php;https://bitcoinacademy.international/clothing.php/img/things/qT1f5cr-min.png;
https://bitcoinacademy.international/clothing.php;https://bitcoinacademy.international/clothing.php/img/things/meXNXU9-min.png;
https://bitcoinacademy.international/clothing.php;https://bitcoinacademy.international/clothing.php/img/things/yZkXraR-min.png;
https://bitcoinacademy.international/clothing.php;https://bitcoinacademy.international/clothing.php/img/things/HBwvqU1-min.png;
https://bitcoinacademy.international/clothing.php;https://bitcoinacademy.international/clothing.php/img/things/BAnCMAd-min.png;
https://bitcoinacademy.international/clothing.php;https://bitcoinacademy.international/clothing.php/img/things/M2jazQI-min.png;
https://bitcoinacademy.international/clothing.php;https://bitcoinacademy.international/clothing.php/img/things/vkc5mBc-min.png;
https://bitcoinacademy.international/clothing.php;https://bitcoinacademy.international/clothing.php/img/things/RUp8NY4-min.png;
https://bitcoinacademy.international/clothing.php;https://bitcoinacademy.international/clothing.php/img/things/ZsQtXFt-min.png;
https://bitcoinacademy.international/clothing.php;https://bitcoinacademy.international/clothing.php/img/things/pohár-1-bitcoin.png;
https://bitcoinacademy.international/clothing.php;https://bitcoinacademy.international/clothing.php/img/things/pohár-1-litecoin.png;
https://bitcoinacademy.international/clothing.php;https://bitcoinacademy.international/clothing.php/img/things/pohár-1-ethereum.png;
https://bitcoinacademy.international/clothing.php;https://bitcoinacademy.international/clothing.php/img/things/pohár-1-monero.png;
https://bitcoinacademy.international/clothing.php;https://bitcoinacademy.international/clothing.php/img/things/pohár-2-bitcoin.png;
https://bitcoinacademy.international/clothing.php;https://bitcoinacademy.international/clothing.php/img/things/pohár-2-litecoin.png;
https://bitcoinacademy.international/clothing.php;https://bitcoinacademy.international/clothing.php/img/things/pohár-2-ethereum.png;
https://bitcoinacademy.international/clothing.php;https://bitcoinacademy.international/clothing.php/img/things/pohár-2-monero.png;
https://bitcoinacademy.international/clothing.php;https://bitcoinacademy.international/clothing.php/img/things/topánky-bitcoin.png;
https://bitcoinacademy.international/clothing.php;https://bitcoinacademy.international/clothing.php/img/things/topánky-litecoin.png;
https://bitcoinacademy.international/clothing.php;https://bitcoinacademy.international/clothing.php/img/things/topánky-ethereum.png;
https://bitcoinacademy.international/clothing.php;https://bitcoinacademy.international/clothing.php/img/things/topánky-monero.png;
https://bitcoinacademy.international/clothing.php;https://bitcoinacademy.international/clothing.php/img/things/púzdro-bitcoin.png;
https://bitcoinacademy.international/clothing.php;https://bitcoinacademy.international/clothing.php/img/things/púzdro-litecoin.png;
https://bitcoinacademy.international/clothing.php;https://bitcoinacademy.international/clothing.php/img/things/púzdro-ethereum.png;
https://bitcoinacademy.international/clothing.php;https://bitcoinacademy.international/clothing.php/img/things/púzdro-monero.png;
https://bitcoinacademy.international/clothing.php;https://bitcoinacademy.international/clothing.php/img/things/ikona-bitcoin.png;
https://bitcoinacademy.international/clothing.php;https://bitcoinacademy.international/clothing.php/img/things/ikona-litecoin.png;
https://bitcoinacademy.international/clothing.php;https://bitcoinacademy.international/clothing.php/img/things/ikona-ethereum.png;
https://bitcoinacademy.international/clothing.php;https://bitcoinacademy.international/clothing.php/img/things/ikona-monero.png;
https://bitcoinacademy.international/clothing.php;https://bitcoinacademy.international/clothing.php/img/things/zápisník-bitcoin.png;
https://bitcoinacademy.international/clothing.php;https://bitcoinacademy.international/clothing.php/img/things/zápisník-litecoin.png;
https://bitcoinacademy.international/clothing.php;https://bitcoinacademy.international/clothing.php/img/things/zápisník-ethereum.png;
https://bitcoinacademy.international/clothing.php;https://bitcoinacademy.international/clothing.php/img/things/zápisník-monero.png;
https://bitcoinacademy.international/clothing.php;https://bitcoinacademy.international/clothing.php/img/things/ponožky-bitcoin.png;
https://bitcoinacademy.international/clothing.php;https://bitcoinacademy.international/clothing.php/img/things/ponožky-litecoin.png;
https://bitcoinacademy.international/clothing.php;https://bitcoinacademy.international/clothing.php/img/things/ponožky-ethereum.png;
https://bitcoinacademy.international/clothing.php;https://bitcoinacademy.international/clothing.php/img/things/ponožky-monero.png;
https://bitcoinacademy.international/clothing.php;https://bitcoinacademy.international/clothing.php/img/things/batoh-1-bitcoin.png;
https://bitcoinacademy.international/clothing.php;https://bitcoinacademy.international/clothing.php/img/things/batoh-1-litecoin.png;
https://bitcoinacademy.international/clothing.php;https://bitcoinacademy.international/clothing.php/img/things/batoh-1-ethereum.png;
https://bitcoinacademy.international/clothing.php;https://bitcoinacademy.international/clothing.php/img/things/batoh-1-monero.png;
https://bitcoinacademy.international/clothing.php;https://bitcoinacademy.international/clothing.php/img/things/batoh-2-bitcoin.png;
https://bitcoinacademy.international/clothing.php;https://bitcoinacademy.international/clothing.php/img/waves.png;
https://bitcoinacademy.international/clothing.php;https://bitcoinacademy.international/clothing.php/img/bitmex.png;
https://bitcoinacademy.international/clothing.php;https://bitcoinacademy.international/clothing.php/img/poloniex.png;
https://bitcoinacademy.international/clothing.php;https://bitcoinacademy.international/clothing.php/img/kraken.png;
https://bitcoinacademy.international/clothing.php;https://bitcoinacademy.international/clothing.php/img/bitfinex.png;
https://bitcoinacademy.international/clothing.php;https://bitcoinacademy.international/clothing.php/img/coincodex.png;
https://bitcoinacademy.international/clothing.php;https://bitcoinacademy.international/clothing.php/img/blockchain.png;
https://bitcoinacademy.international/clothing.php;https://bitcoinacademy.international/clothing.php/img/xapo.png;
https://bitcoinacademy.international/clothing.php;https://bitcoinacademy.international/clothing.php/img/coinbase.png;
https://bitcoinacademy.international/clothing.php;https://bitcoinacademy.international/clothing.php/img/block-io.png;
https://bitcoinacademy.international/clothing.php;https://bitcoinacademy.international/clothing.php/img/airbitz.png;
https://bitcoinacademy.international/clothing.php;https://i1.wp.com/whattonews.ru/wp-content/uploads/2019/03/kreyg-rayt-obeschaet-vzlomat-anonimnye-kriptomonety-monero-i-zcash-1.jpg?fit=1107%2C658&ssl=1;
https://bitcoinacademy.international/clothing.php;https://bitcoinacademy.international/clothing.php/26396185-0b35-451e-9aa8-7543228150fe.jpg;
https://bitcoinacademy.international/clothing.php;https://bitcoinacademy.international/clothing.php/552.jpg;
https://bitcoinacademy.international/clothing.php;https://bitcoinacademy.international/clothing.php/Aktualizácia-trhov_-Cena-bitcoinu-sa-po-aktivácii-Segwitu-tlačí-vpred14_37_510.jpg;
https://bitcoinacademy.international/clothing.php;https://bitcoinacademy.international/clothing.php/44.jpg;
https://bitcoinacademy.international/clothing.php;https://bitcoinacademy.international/clothing.php/img/vk.png;
https://bitcoinacademy.international/clothing.php;https://bitcoinacademy.international/clothing.php/img/telegram.png;
https://bitcoinacademy.international/reset-password.php;https://bitcoinacademy.international/reset-password.php/img/logo.png;
https://bitcoinacademy.international/reset-password.php;https://bitcoinacademy.international/reset-password.php/img/vk.png;
https://bitcoinacademy.international/reset-password.php;https://bitcoinacademy.international/reset-password.php/img/telegram.png;
